mysql> create table employees (id int auto_increment primary key,name varchar(100) not null);
Query OK, 0 rows affected (0.04 sec)

mysql> insert into employees(name) values("alice"),("anu"),("harlie");
Query OK, 3 rows affected (0.04 sec)
Records: 3  Duplicates: 0  Warnings: 0

mysql> select * from employees;
+----+--------+
| id | name   |
+----+--------+
|  1 | alice  |
|  2 | anu    |
|  3 | harlie |
+----+--------+
3 rows in set (0.00 sec)
mysql> DELIMITER //
mysql> create procedure listemployees()
    ->  begin
    ->  declare done int default 0;
    ->  declare employee_name varchar(100);
    ->  declare employee_cursor cursor for select name from employees;
    -> declare continue handler for not found set done=1;
    ->  open employee_cursor;
    ->  readloop:loop
    ->  fetch employee_cursor into employee_name;
    -> if done
    -> then leave readloop;
    -> end if;
    ->  select employee_name;
    ->  end loop;
    ->  close employee_cursor;
    -> end //
Query OK, 0 rows affected (0.05 sec)

mysql> call listemployees();
    -> //
+---------------+
| employee_name |
+---------------+
| alice         |
+---------------+
1 row in set (0.03 sec)

+---------------+
| employee_name |
+---------------+
| anu           |
+---------------+
1 row in set (0.03 sec)

+---------------+
| employee_name |
+---------------+
| harlie        |
+---------------+
1 row in set (0.04 sec)

Query OK, 0 rows affected (0.04 sec)

mysql>
